[{"keyword":"Feature","type":"feature","description":"","line":1,"name":"User Registration on Axate","uri":"/Users/jaybag/Desktop/axate/web/features/feature-files/axate_website/user-registration.feature","tags":[],"elements":[{"keyword":"Scenario","type":"scenario","description":"","name":"Registering a new user on Staging Site Axate","tags":[{"name":"@web","astNodeId":"53dc9a1f-a869-4cbc-bcf4-80ecbb2c104e"}],"id":"user-registration-on-axateregistering-a-new-user-on-staging-site-axate","steps":[{"arguments":[],"keyword":"Before","name":"","result":{"status":"passed","duration":1000000},"line":null,"match":{"location":"can not be determined with webdriver.io"}},{"arguments":[],"keyword":"Given","name":"the user is on the article page","result":{"status":"passed","duration":580000000},"line":null,"match":{"location":"can not be determined with webdriver.io"}},{"arguments":[],"keyword":"When","name":"the user clicks on Get a day pass, yellow button, inside the article","result":{"status":"passed","duration":3560000000},"line":null,"match":{"location":"can not be determined with webdriver.io"}},{"arguments":[],"keyword":"Then","name":"the user fills in a random email address","result":{"status":"passed","duration":290000000},"line":null,"match":{"location":"can not be determined with webdriver.io"}},{"arguments":[],"keyword":"Then","name":"the user selects United Kingdom as the country and enters a valid UK postcode","result":{"status":"passed","duration":284000000},"line":null,"match":{"location":"can not be determined with webdriver.io"}},{"arguments":[],"keyword":"Then","name":"the user selects a random preference for marketing preferences","result":{"status":"passed","duration":664000000},"line":null,"match":{"location":"can not be determined with webdriver.io"}},{"arguments":[],"keyword":"Then","name":"the user clicks continue","result":{"status":"passed","duration":2227000000},"line":null,"match":{"location":"can not be determined with webdriver.io"}},{"arguments":[],"keyword":"Then","name":"the user selects any payment amount","result":{"status":"passed","duration":322000000},"line":null,"match":{"location":"can not be determined with webdriver.io"}},{"arguments":[],"keyword":"Then","name":"the user selects Voucher","result":{"status":"passed","duration":11702000000},"line":null,"match":{"location":"can not be determined with webdriver.io"}},{"arguments":[],"keyword":"Then","name":"the user fills in QA2024 number and the user should see confirmation message","result":{"status":"passed","duration":6299000000},"line":null,"match":{"location":"can not be determined with webdriver.io"}},{"arguments":[],"keyword":"After","name":"","result":{"status":"passed","duration":0},"line":null,"match":{"location":"can not be determined with webdriver.io"}}]}],"id":"user-registration-on-axate","metadata":{"browser":{"name":"firefox","version":"126.0.1"},"device":"Device name not known","platform":{"name":"osx","version":"Version not known"}}}]
